Disease,Number,IC,Blur,LC,
A,1,1,1,1,
A,2,1,1,1,
A,3,1,1,1,
A,4,1,1,1,
A,5,1,1,1,
A,6,1,1,1,
A,7,1,1,1,
A,8,1,1,1,
A,9,1,1,1,
A,10,1,1,1,
A,11,1,1,1,
A,12,1,1,1,
A,13,1,1,1,
A,14,1,1,1,
A,15,1,1,1,
A,16,1,1,1,
A,17,1,1,1,
A,18,1,1,1,
A,19,1,1,1,
A,20,1,1,1,
A,21,1,1,1,
A,22,1,1,1,
A,23,1,1,1,
A,24,1,1,1,
A,25,1,1,1,
A,26,1,1,1,
A,27,1,1,1,
A,28,1,1,1,
A,29,0,0,1,
A,30,1,1,1,
A,31,1,1,1,
A,32,1,1,1,
A,33,1,1,1,
A,34,1,1,1,
A,35,1,1,1,
A,36,1,1,1,
A,37,1,1,1,
A,38,1,1,1,
A,39,1,1,1,
A,40,1,1,1,
A,41,1,1,1,
A,42,1,1,1,
A,43,1,1,1,
A,44,1,0,1,
A,45,1,1,1,
A,46,1,1,1,
A,47,1,1,1,
A,48,1,1,1,
A,49,1,1,1,
A,50,1,1,1,
A,51,1,1,1,
A,52,1,1,1,
A,53,1,1,1,
A,54,1,1,1,
A,55,1,1,1,
A,56,1,1,1,
A,57,1,1,1,
A,58,1,1,1,
A,59,1,0,1,
A,60,1,1,1,
A,61,1,1,1,
A,62,1,1,1,
A,63,1,1,1,
A,64,1,1,1,
A,65,1,1,1,
A,66,1,0,1,
A,67,1,1,1,
A,68,1,1,1,
A,69,1,1,1,
A,70,1,1,1,
A,71,1,1,1,
A,72,1,1,1,
A,73,1,1,1,
A,74,1,1,1,
A,75,1,1,1,
A,76,0,0,1,
A,77,0,1,1,
A,78,1,1,1,
A,79,1,1,1,
A,80,1,1,1,
A,81,1,1,1,
A,82,1,0,1,
A,83,1,0,1,
A,84,1,0,1,
A,85,1,0,1,
A,86,1,1,1,
A,87,1,1,1,
A,88,1,1,1,
A,89,1,1,1,
A,90,1,1,1,
A,91,0,1,1,
A,92,1,1,1,
A,93,1,1,1,
A,94,1,1,1,
A,95,1,1,1,
A,96,1,1,1,
A,97,1,1,1,
A,98,0,1,1,
A,99,0,1,1,
A,100,1,1,1,
A,101,1,1,1,
A,102,0,1,1,
A,103,1,1,1,
A,104,1,1,1,
A,105,1,1,1,
A,106,1,0,1,
A,107,1,0,1,
A,108,1,0,1,
A,109,1,0,1,
A,110,1,1,1,
A,111,1,1,1,
A,112,1,1,1,
A,113,1,1,1,
A,114,1,1,1,
A,115,1,1,1,
A,116,1,1,1,
A,117,1,1,1,
A,118,1,1,1,
A,119,1,1,1,
A,120,1,1,1,
A,121,1,1,1,
A,122,1,1,1,
A,123,1,1,1,
A,124,1,1,1,
A,125,1,1,1,
A,126,1,1,1,
A,127,1,1,1,
A,128,1,1,1,
A,129,1,1,1,
A,130,1,1,1,
A,131,1,0,1,
A,132,1,1,1,
A,133,1,1,1,
A,134,1,1,1,
A,135,1,1,1,
A,136,1,1,1,
A,137,1,1,1,
A,138,1,0,1,
A,139,1,1,1,
A,140,1,1,1,
A,141,1,1,1,
A,142,1,1,1,
A,143,0,0,1,
A,144,1,1,1,
A,145,1,1,1,
A,146,1,1,1,
A,147,1,1,1,
A,148,1,1,1,
A,149,1,1,1,
A,150,1,1,1,
D,151,0,1,1,
D,152,1,1,1,
D,153,1,1,1,
D,154,1,1,1,
D,155,0,0,1,
D,156,1,1,1,
D,157,1,1,1,
D,158,1,1,1,
D,159,1,1,1,
D,160,1,1,1,
D,161,1,1,1,
D,162,1,1,1,
D,163,0,0,1,
D,164,1,1,1,
D,165,0,1,1,
D,166,0,0,1,
D,167,1,1,1,
D,168,0,1,1,
D,169,1,0,1,
D,170,1,1,1,
D,171,1,1,1,
D,172,1,1,1,
D,173,0,0,1,
D,174,1,1,1,
D,175,0,1,1,
D,176,1,1,1,
D,177,1,1,1,
D,178,1,1,1,
D,179,1,1,1,
D,180,1,1,1,
D,181,1,1,1,
D,182,1,1,1,
D,183,1,1,1,
D,184,1,1,1,
D,185,1,1,1,
D,186,1,1,1,
D,187,1,1,1,
D,188,1,1,1,
D,189,0,1,1,
D,190,1,1,1,
D,191,1,1,1,
D,192,1,1,1,
D,193,1,1,1,
D,194,1,1,1,
D,195,1,1,1,
D,196,1,1,1,
D,197,1,1,1,
D,198,1,1,1,
D,199,1,0,1,
D,200,1,1,1,
D,201,0,0,1,
D,202,1,1,1,
D,203,1,1,1,
D,204,1,1,1,
D,205,1,1,1,
D,206,1,1,1,
D,207,1,1,1,
D,208,1,1,1,
D,209,1,1,1,
D,210,1,0,1,
D,211,1,1,1,
D,212,1,1,1,
D,213,1,1,1,
D,214,1,1,1,
D,215,0,0,1,
D,216,1,1,1,
D,217,1,1,1,
D,218,1,1,1,
D,219,1,0,1,
D,220,1,1,1,
D,221,1,1,1,
D,222,0,0,0,
D,223,1,0,1,
D,224,1,1,1,
D,225,1,1,1,
D,226,1,1,1,
D,227,1,1,1,
D,228,1,1,1,
D,229,1,1,1,
D,230,1,1,1,
D,231,0,0,1,
D,232,1,1,1,
D,233,1,1,1,
D,234,1,1,1,
D,235,1,1,1,
D,236,1,1,1,
D,237,0,0,1,
D,238,1,1,1,
D,239,1,1,1,
D,240,1,1,1,
D,241,1,1,1,
D,242,1,0,1,
D,243,1,1,1,
D,244,1,1,1,
D,245,1,1,1,
D,246,1,1,1,
D,247,1,0,1,
D,248,1,1,1,
D,249,1,1,1,
D,250,1,0,1,
D,251,1,1,1,
D,252,1,0,1,
D,253,1,1,1,
D,254,1,1,1,
D,255,1,1,1,
D,256,0,0,1,
D,257,1,1,1,
D,258,1,1,1,
D,259,1,1,1,
D,260,0,1,1,
D,261,1,1,1,
D,262,1,1,1,
D,263,1,1,1,
D,264,1,1,1,
D,265,1,1,1,
D,266,1,0,1,
D,267,1,0,1,
D,268,0,1,1,
D,269,1,0,1,
D,270,1,0,1,
D,271,1,1,1,
D,272,1,1,1,
D,273,1,1,1,
D,274,1,1,1,
D,275,1,1,1,
D,276,1,1,1,
D,277,0,0,1,
D,278,1,0,1,
D,279,1,1,1,
D,280,0,0,1,
D,281,0,0,1,
D,282,1,1,1,
D,283,0,1,1,
D,284,0,0,1,
D,285,0,1,1,
D,286,1,1,1,
D,287,1,0,1,
D,288,1,1,1,
D,289,1,1,1,
D,290,1,1,1,
D,291,1,1,1,
D,292,1,1,1,
D,293,1,1,1,
D,294,1,0,1,
D,295,1,1,1,
D,296,1,1,1,
D,297,1,0,1,
D,298,1,0,1,
D,299,1,0,1,
D,300,1,1,1,
G,301,0,0,1,
G,302,0,1,1,
G,303,1,0,1,
G,304,1,1,1,
G,305,1,1,1,
G,306,1,1,1,
G,307,0,1,1,
G,308,1,1,1,
G,309,0,1,1,
G,310,1,1,1,
G,311,1,1,1,
G,312,1,1,1,
G,313,1,1,1,
G,314,1,1,1,
G,315,1,1,1,
G,316,0,0,0,
G,317,0,1,1,
G,318,1,1,1,
G,319,0,0,0,
G,320,0,1,1,
G,321,0,0,1,
G,322,1,1,1,
G,323,0,0,0,
G,324,0,0,1,
G,325,0,0,0,
G,326,0,0,0,
G,327,1,1,1,
G,328,0,1,1,
G,329,1,1,1,
G,330,0,1,1,
G,331,0,0,0,
G,332,0,1,1,
G,333,1,1,1,
G,334,0,0,1,
G,335,0,1,1,
G,336,0,1,1,
G,337,0,1,1,
G,338,0,1,1,
G,339,1,1,1,
G,340,1,1,1,
G,341,0,0,0,
G,342,1,1,1,
G,343,1,1,1,
G,344,1,1,1,
G,345,1,1,1,
G,346,1,1,1,
G,347,1,1,1,
G,348,1,1,1,
G,349,0,1,1,
G,350,1,1,1,
G,351,1,1,1,
G,352,0,1,1,
G,353,0,1,0,
G,354,0,1,1,
G,355,0,1,1,
G,356,1,1,1,
G,357,1,1,1,
G,358,1,1,1,
G,359,1,1,1,
G,360,0,0,0,
G,361,0,0,0,
G,362,0,1,1,
G,363,0,0,0,
G,364,0,0,1,
G,365,0,1,1,
G,366,0,0,1,
G,367,1,1,1,
G,368,0,1,1,
G,369,0,1,1,
G,370,0,1,1,
G,371,0,0,1,
G,372,0,1,1,
G,373,0,0,0,
G,374,0,1,1,
G,375,0,1,1,
G,376,1,1,1,
G,377,0,1,1,
G,378,1,1,1,
G,379,1,0,1,
G,380,0,0,0,
G,381,0,0,1,
G,382,0,0,1,
G,383,1,1,1,
G,384,0,0,0,
G,385,0,0,1,
G,386,1,1,1,
G,387,1,1,1,
G,388,1,1,1,
G,389,1,1,1,
G,390,1,1,1,
G,391,0,1,1,
G,392,1,1,1,
G,393,0,1,1,
G,394,0,0,1,
G,395,0,1,1,
G,396,1,1,1,
G,397,1,1,1,
G,398,1,1,1,
G,399,1,0,1,
G,400,0,0,1,
G,401,0,0,0,
G,402,1,1,1,
G,403,1,1,1,
G,404,1,0,0,
G,405,0,0,1,
G,406,0,0,1,
G,407,1,1,1,
G,408,1,1,1,
G,409,1,1,1,
G,410,0,0,1,
G,411,1,1,1,
G,412,1,1,1,
G,413,1,1,1,
G,414,1,1,1,
G,415,1,0,1,
G,416,0,0,0,
G,417,1,1,1,
G,418,1,1,1,
G,419,1,1,1,
G,420,1,1,1,
G,421,1,1,1,
G,422,1,1,1,
G,423,1,1,1,
G,424,1,1,1,
G,425,1,1,1,
G,426,1,1,1,
G,427,0,1,1,
G,428,1,1,1,
G,429,1,1,1,
G,430,1,1,1,
G,431,1,1,1,
G,432,1,1,1,
G,433,1,1,1,
G,434,0,0,1,
G,435,1,1,1,
G,436,1,1,1,
G,437,1,1,1,
G,438,0,0,1,
G,439,0,1,1,
G,440,1,1,1,
G,441,1,1,1,
G,442,0,0,1,
G,443,0,0,1,
G,444,1,1,1,
G,445,1,1,1,
G,446,1,1,1,
G,447,0,0,0,
G,448,0,0,0,
G,449,0,1,1,
G,450,1,1,1,
N,451,1,1,1,
N,452,1,1,1,
N,453,0,1,1,
N,454,0,1,1,
N,455,1,1,1,
N,456,0,1,1,
N,457,1,1,1,
N,458,1,1,1,
N,459,1,1,1,
N,460,1,1,1,
N,461,1,1,1,
N,462,1,1,1,
N,463,1,1,1,
N,464,0,1,1,
N,465,1,1,1,
N,466,1,1,1,
N,467,1,1,1,
N,468,1,1,1,
N,469,1,1,1,
N,470,1,1,1,
N,471,1,1,1,
N,472,1,1,1,
N,473,1,1,1,
N,474,1,1,1,
N,475,1,1,1,
N,476,1,1,1,
N,477,1,1,1,
N,478,1,1,1,
N,479,1,1,1,
N,480,1,1,1,
N,481,1,1,1,
N,482,1,1,1,
N,483,1,1,1,
N,484,1,1,1,
N,485,1,1,1,
N,486,1,1,1,
N,487,1,1,1,
N,488,1,1,1,
N,489,1,1,1,
N,490,1,1,1,
N,491,1,1,1,
N,492,1,1,1,
N,493,1,1,1,
N,494,1,1,1,
N,495,1,1,1,
N,496,1,1,1,
N,497,1,1,1,
N,498,1,1,1,
N,499,1,1,1,
N,500,1,1,1,
N,501,1,1,1,
N,502,1,1,1,
N,503,1,1,1,
N,504,1,1,1,
N,505,1,1,1,
N,506,1,1,1,
N,507,1,1,1,
N,508,1,1,1,
N,509,1,1,1,
N,510,1,1,1,
N,511,1,1,1,
N,512,1,1,1,
N,513,1,1,1,
N,514,1,1,1,
N,515,1,1,1,
N,516,1,1,1,
N,517,1,1,1,
N,518,1,1,1,
N,519,1,1,1,
N,520,1,1,1,
N,521,1,1,1,
N,522,1,1,1,
N,523,1,1,1,
N,524,1,1,1,
N,525,1,1,1,
N,526,1,1,1,
N,527,1,1,1,
N,528,1,1,1,
N,529,1,1,1,
N,530,1,1,1,
N,531,0,1,1,
N,532,1,1,1,
N,533,1,1,1,
N,534,1,1,1,
N,535,1,1,1,
N,536,1,1,1,
N,537,1,1,1,
N,538,1,1,1,
N,539,1,1,1,
N,540,1,1,1,
N,541,1,1,1,
N,542,1,1,1,
N,543,1,1,1,
N,544,1,1,1,
N,545,1,1,1,
N,546,1,1,1,
N,547,1,1,1,
N,548,1,1,1,
N,549,1,1,1,
N,550,1,1,1,
N,551,1,1,1,
N,552,1,1,1,
N,553,1,1,1,
N,554,1,1,1,
N,555,1,1,1,
N,556,1,1,1,
N,557,1,1,1,
N,558,1,1,1,
N,559,1,1,1,
N,560,1,1,1,
N,561,1,1,1,
N,562,1,1,1,
N,563,1,1,1,
N,564,1,1,1,
N,565,1,1,1,
N,566,1,1,1,
N,567,1,1,1,
N,568,1,1,1,
N,569,1,1,1,
N,570,1,1,1,
N,571,1,1,1,
N,572,1,1,1,
N,573,1,1,1,
N,574,1,1,1,
N,575,1,1,1,
N,576,1,1,1,
N,577,1,1,1,
N,578,1,1,1,
N,579,1,1,1,
N,580,1,1,1,
N,581,1,1,1,
N,582,1,1,1,
N,583,1,1,1,
N,584,1,1,1,
N,585,1,1,1,
N,586,1,1,1,
N,587,1,1,1,
N,588,1,1,1,
N,589,1,1,1,
N,590,1,1,1,
N,591,1,1,1,
N,592,1,1,1,
N,593,1,1,1,
N,594,1,1,1,
N,595,1,1,1,
N,596,1,1,1,
N,597,1,1,1,
N,598,1,1,1,
N,599,1,1,1,
N,600,1,1,1,